{
"skeleton": { "hash": "nDTxthz7F1MUanXoQEA0PWcoY6I", "spine": "3.4.02", "width": 511.47, "height": 739.87, "images": "./images/" },
"bones": [
	{ "name": "root" },
	{ "name": "hip", "parent": "root", "x": -49.89, "y": 290.95 },
	{ "name": "hoverboard", "parent": "root", "length": 72.32, "x": 9.9, "y": 57.05 },
	{ "name": "rear_foot_ik", "parent": "hoverboard", "rotation": -0.97, "x": 83.75, "y": 21.71, "color": "ff3f00ff" },
	{ "name": "rear_ankle_ik", "parent": "rear_foot_ik", "x": -33.9, "y": 37.33, "color": "ff3f00ff" },
	{ "name": "rear_thigh", "parent": "hip", "length": 85.71, "rotation": -72.54, "x": 8.91, "y": -5.62, "color": "ff000dff" },
	{ "name": "rear_shin", "parent": "rear_thigh", "length": 121.87, "rotation": -19.83, "x": 86.1, "y": -1.32, "color": "ff000dff" },
	{ "name": "rear_foot", "parent": "rear_shin", "length": 51.58, "rotation": 45.77, "x": 121.45, "y": -0.75, "color": "ff000dff" },
	{ "name": "rear_toe_ik", "parent": "hoverboard", "rotation": -0.97, "x": 135.05, "y": 20.47, "color": "ff3f00ff" },
	{ "name": "back_foot_tip", "parent": "rear_foot", "length": 50.3, "rotation": 46.62, "x": 51.16, "y": 0.23, "color": "ff000dff" },
	{ "name": "exhaust1", "parent": "hoverboard", "rotation": 3.19, "x": -249.74, "y": 52.63 },
	{ "name": "exhaust2", "parent": "hoverboard", "rotation": 26.5, "x": -191.57, "y": -23.5 },
	{ "name": "front_foot_ik", "parent": "hoverboard", "rotation": -16.95, "x": -100.29, "y": 23.96, "color": "ff3f00ff" },
	{ "name": "front_ankle_ik", "parent": "front_foot_ik", "x": -28.39, "y": 29.06, "color": "ff3f00ff" },
	{ "name": "torso", "parent": "hip", "length": 127.55, "rotation": 64.59, "x": -1.61, "y": 4.9, "color": "e0da19ff" },
	{ "name": "front_upper_arm", "parent": "torso", "length": 69.44, "rotation": 125.79, "x": 103.75, "y": 19.32, "color": "00ff04ff" },
	{
		"name": "front_bracer",
		"parent": "front_upper_arm",
		"length": 40.57,
		"rotation": 18.29,
		"x": 68.8,
		"y": -0.68,
		"color": "00ff04ff"
	},
	{ "name": "front_fist", "parent": "front_bracer", "length": 65.37, "rotation": 12.43, "x": 40.56, "y": 0.19, "color": "00ff04ff" },
	{ "name": "front_thigh", "parent": "hip", "length": 74.8, "rotation": -95.51, "x": -17.45, "y": -11.64, "color": "00ff04ff" },
	{ "name": "front_shin", "parent": "front_thigh", "length": 128.75, "rotation": -2.21, "x": 78.69, "y": 1.6, "color": "00ff04ff" },
	{ "name": "front_foot", "parent": "front_shin", "length": 41, "rotation": 51.26, "x": 128.75, "y": -0.33, "color": "00ff04ff" },
	{ "name": "front_toe_ik", "parent": "hoverboard", "rotation": -0.97, "x": -44.59, "y": 21.98, "color": "ff3f00ff" },
	{
		"name": "front_foot_tip",
		"parent": "front_foot",
		"length": 56.02,
		"rotation": 44.3,
		"x": 41.42,
		"y": -0.08,
		"color": "00ff04ff"
	},
	{ "name": "rear_upper_arm", "parent": "torso", "length": 51.93, "rotation": -153.6, "x": 92.35, "y": -19.21, "color": "ff000dff" },
	{ "name": "rear_bracer", "parent": "rear_upper_arm", "length": 34.55, "rotation": 43.56, "x": 51.35, "color": "ff000dff" },
	{ "name": "gun", "parent": "rear_bracer", "length": 43.1, "rotation": 17.61, "x": 34.41, "y": -0.45, "color": "ff000dff" },
	{ "name": "gunTip", "parent": "gun", "rotation": 6.83, "x": 201.04, "y": 52.13, "color": "ff000dff" },
	{ "name": "neck", "parent": "torso", "length": 25.45, "rotation": -31.53, "x": 127.49, "y": -0.3, "color": "e0da19ff" },
	{ "name": "head", "parent": "neck", "length": 131.78, "rotation": 51.9, "x": 27.66, "y": -0.25, "color": "e0da19ff" },
	{ "name": "hair1", "parent": "head", "length": 47.22, "rotation": -49.1, "x": 149.82, "y": -59.77, "color": "e0da19ff" },
	{ "name": "hair2", "parent": "hair1", "length": 55.56, "rotation": 50.41, "x": 47.22, "y": 0.18, "color": "e0da19ff" },
	{ "name": "hair3", "parent": "head", "length": 62.22, "rotation": -32.16, "x": 164.13, "y": 3.68, "color": "e0da19ff" },
	{ "name": "hair4", "parent": "hair3", "length": 80.28, "rotation": 83.7, "x": 62.22, "y": -0.03, "color": "e0da19ff" },
	{
		"name": "hoverboard_thruster_front",
		"parent": "hoverboard",
		"rotation": -29.03,
		"x": 95.77,
		"y": -2.7,
		"inheritRotation": false
	},
	{
		"name": "hoverboard_thruster_rear",
		"parent": "hoverboard",
		"rotation": -29.03,
		"x": -76.46,
		"y": -5.11,
		"inheritRotation": false
	},
	{ "name": "hoverglow_front", "parent": "hoverboard_thruster_front", "x": -1.89, "y": -37.78 },
	{ "name": "hoverglow_rear", "parent": "hoverboard_thruster_rear", "x": 0.95, "y": -35.66 }
],
"slots": [
	{ "name": "hoverboard_thruster_rear", "bone": "hoverboard_thruster_rear", "attachment": "hoverboard_thruster" },
	{ "name": "hoverboard_thruster_front", "bone": "hoverboard_thruster_front", "attachment": "hoverboard_thruster" },
	{ "name": "hoverboard_board", "bone": "hoverboard", "attachment": "hoverboard_board" },
	{ "name": "rear_upper_arm", "bone": "rear_upper_arm", "attachment": "rear_upper_arm" },
	{ "name": "rear_bracer", "bone": "rear_bracer", "attachment": "rear_bracer" },
	{ "name": "gun", "bone": "gun", "attachment": "gun" },
	{ "name": "rear_foot", "bone": "rear_foot", "attachment": "rear_foot" },
	{ "name": "rear_thigh", "bone": "rear_thigh", "attachment": "rear_thigh" },
	{ "name": "rear_shin", "bone": "rear_shin", "attachment": "rear_shin" },
	{ "name": "neck", "bone": "neck", "attachment": "neck" },
	{ "name": "torso", "bone": "torso", "attachment": "torso" },
	{ "name": "front_upper_arm", "bone": "front_upper_arm", "attachment": "front_upper_arm" },
	{ "name": "head", "bone": "head", "attachment": "head" },
	{ "name": "eye", "bone": "head", "attachment": "eye_indifferent" },
	{ "name": "front_thigh", "bone": "front_thigh", "attachment": "front_thigh" },
	{ "name": "front_foot", "bone": "front_foot", "attachment": "front_foot" },
	{ "name": "front_shin", "bone": "front_shin", "attachment": "front_shin" },
	{ "name": "mouth", "bone": "head", "attachment": "mouth_smile" },
	{ "name": "goggles", "bone": "head", "attachment": "goggles" },
	{ "name": "front_bracer", "bone": "front_bracer", "attachment": "front_bracer" },
	{ "name": "front_fist", "bone": "front_fist", "attachment": "front_fist_closed" },
	{ "name": "muzzle", "bone": "gunTip", "blend": "additive" },
	{ "name": "head-bb", "bone": "head" },
	{ "name": "hoverglow_front", "bone": "hoverglow_front", "attachment": "hoverglow_small", "blend": "additive" },
	{ "name": "hoverglow_rear", "bone": "hoverglow_rear", "attachment": "hoverglow_small", "blend": "additive" },
	{ "name": "exhaust1", "bone": "exhaust2", "color": "ffffff98", "attachment": "hoverglow_small", "blend": "additive" },
	{ "name": "exhaust2", "bone": "exhaust1", "color": "ffffff98", "attachment": "hoverglow_small", "blend": "additive" }
],
"ik": [
	{
		"name": "front_ankle_ik",
		"bones": [ "front_thigh", "front_shin" ],
		"target": "front_ankle_ik",
		"bendPositive": false
	},
	{
		"name": "front_foot_ik",
		"bones": [ "front_foot" ],
		"target": "front_foot_ik"
	},
	{
		"name": "front_toe_ik",
		"bones": [ "front_foot_tip" ],
		"target": "front_toe_ik"
	},
	{
		"name": "rear_ankle_ik",
		"bones": [ "rear_thigh", "rear_shin" ],
		"target": "rear_ankle_ik",
		"bendPositive": false
	},
	{
		"name": "rear_foot_ik",
		"bones": [ "rear_foot" ],
		"target": "rear_foot_ik"
	},
	{
		"name": "rear_toe_ik",
		"bones": [ "back_foot_tip" ],
		"target": "rear_toe_ik"
	}
],
"skins": {
	"default": {
		"exhaust1": {
			"hoverglow_small": { "scaleX": 0.462, "scaleY": 0.812, "rotation": -83.09, "width": 274, "height": 75 }
		},
		"exhaust2": {
			"hoverglow_small": { "y": -0.76, "scaleX": 0.413, "scaleY": 0.487, "rotation": -89.24, "width": 274, "height": 75 }
		},
		"eye": {
			"eye_indifferent": {
				"type": "mesh",
				"uvs": [ 1, 1, 0, 1, 0, 0, 1, 0 ],
				"triangles": [ 1, 3, 0, 1, 2, 3 ],
				"vertices": [ 59.16, -86.8, 28.32, 0.92, 112.27, 30.44, 143.11, -57.28 ],
				"hull": 4,
				"edges": [ 0, 2, 2, 4, 4, 6, 0, 6 ],
				"width": 93,
				"height": 89
			},
			"eye_surprised": { "x": 85.72, "y": -28.18, "rotation": -70.62, "width": 93, "height": 89 }
		},
		"front_bracer": {
			"front_bracer": { "x": 12.03, "y": -1.67, "rotation": 79.58, "width": 58, "height": 80 }
		},
		"front_fist": {
			"front_fist_closed": { "x": 35.49, "y": 6, "rotation": 67.16, "width": 75, "height": 82 },
			"front_fist_open": { "x": 39.56, "y": 7.76, "rotation": 67.16, "width": 86, "height": 87 }
		},
		"front_foot": {
			"front_foot": {
				"type": "mesh",
				"uvs": [ 0.59416, 0.23421, 0.62256, 0.30335, 0.65008, 0.37035, 0.67637, 0.38403, 0.72068, 0.40709, 0.76264, 0.42894, 1, 0.70375, 1, 1, 0.65517, 1, 0.3644, 1, 0, 1, 0, 0.39196, 0, 0, 0.17845, 0, 0.49795, 0 ],
				"triangles": [ 8, 9, 3, 4, 8, 3, 8, 4, 5, 8, 5, 6, 8, 6, 7, 11, 12, 13, 11, 1, 10, 13, 14, 0, 0, 11, 13, 1, 11, 0, 2, 9, 10, 2, 10, 1, 9, 2, 3 ],
				"vertices": [ 2, 20, 18.17, 41.57, 0.72255, 22, 12.46, 46.04, 0.27744, 2, 20, 24.08, 40.75, 0.57406, 22, 16.12, 41.34, 0.42592, 2, 20, 29.8, 39.97, 0.47663, 22, 19.67, 36.77, 0.52336, 2, 20, 32.8, 41.66, 0.37452, 22, 22.99, 35.89, 0.62547, 2, 20, 37.86, 44.51, 0.24772, 22, 28.6, 34.4, 0.75227, 2, 20, 42.65, 47.21, 0.17783, 22, 33.91, 32.98, 0.82216, 1, 22, 64.15, 14.56, 1, 1, 22, 64.51, -5.87, 1, 1, 22, 21.07, -6.63, 1, 2, 20, 35.38, -16.16, 0.99998, 22, -15.54, -7.28, 1.0E-5, 1, 20, 3.1, -48.81, 1, 1, 20, -26.72, -19.31, 1, 1, 20, -45.95, -0.29, 1, 1, 20, -30.14, 15.69, 1, 2, 20, -1.84, 44.31, 0.91511, 22, 0.05, 61.98, 0.08488 ],
				"hull": 15,
				"edges": [ 14, 16, 16, 18, 18, 20, 4, 18, 20, 22, 22, 24, 24, 26, 26, 28, 22, 26, 12, 14, 10, 12, 2, 4, 2, 20, 4, 6, 6, 16, 2, 0, 0, 28, 6, 8, 8, 10 ],
				"width": 126,
				"height": 69
			},
			"front_foot_bend1": { "x": 22.86, "y": 20.24, "rotation": 45.32, "width": 128, "height": 70 },
			"front_foot_bend2": { "x": 8.16, "y": 19.57, "rotation": 45.32, "width": 108, "height": 93 }
		},
		"front_shin": {
			"front_shin": { "x": 60.92, "y": -3.9, "rotation": 96.59, "width": 82, "height": 184 }
		},
		"front_thigh": {
			"front_thigh": { "x": 42.47, "y": 4.44, "rotation": 84.86, "width": 48, "height": 112 }
		},
		"front_upper_arm": {
			"front_upper_arm": { "x": 28.3, "y": 7.37, "rotation": 97.89, "width": 54, "height": 97 }
		},
		"goggles": {
			"goggles": {
				"type": "mesh",
				"uvs": [ 0.53653, 0.04113, 0.72921, 0.16034, 0.91666, 0.33222, 0.97046, 0.31329, 1, 0.48053, 0.95755, 0.57329, 0.88825, 0.63279, 0.86877, 0.78962, 0.77403, 0.86749, 0.72628, 1, 0.60713, 0.93862, 0.496, 0.88138, 0.41557, 0.75026, 0.32547, 0.70084, 0.2782, 0.58256, 0.17209, 0.63281, 0.17228, 0.75071, 0.1078, 0.79897, 0, 0.32304, 0, 0.12475, 0.07372, 0.07343, 0.15423, 0.10733, 0.23165, 0.13993, 0.30313, 0.02256, 0.34802, 0, 0.42978, 0.69183, 0.39475, 0.51041, 0.39488, 0.31511, 0.45878, 0.23197, 0.56501, 0.28108, 0.6996, 0.39216, 0.82039, 0.54202, 0.85737, 0.62342, 0.91107, 0.51406, 0.72638, 0.32146, 0.58762, 0.19609, 0.48074, 0.11268, 0.37822, 0.05501, 0.32869, 0.17866, 0.31899, 0.30499, 0.36035, 0.53798, 0.40327, 0.70072, 0.30058, 0.55837, 0.21956, 0.2815, 0.09963, 0.28942, 0.56862, 0.4368, 0.4911, 0.37156, 0.51184, 0.52091, 0.67018, 0.59302, 0.7619, 0.68574, 0.73296, 0.43354 ],
				"triangles": [ 49, 8, 48, 9, 48, 8, 12, 25, 11, 48, 9, 10, 47, 48, 10, 47, 10, 25, 25, 10, 11, 8, 49, 7, 17, 15, 16, 17, 18, 15, 49, 32, 7, 7, 32, 6, 41, 42, 40, 12, 41, 25, 41, 12, 42, 13, 14, 42, 12, 13, 42, 41, 40, 25, 40, 26, 25, 25, 26, 47, 49, 31, 32, 31, 49, 50, 18, 44, 15, 42, 14, 44, 14, 15, 44, 5, 6, 33, 6, 32, 33, 32, 31, 33, 47, 45, 48, 49, 48, 50, 50, 45, 30, 50, 48, 45, 42, 44, 43, 5, 33, 4, 42, 39, 40, 42, 43, 39, 31, 50, 33, 40, 39, 26, 45, 47, 46, 33, 2, 4, 2, 33, 34, 47, 26, 46, 26, 27, 46, 26, 39, 27, 2, 3, 4, 30, 45, 29, 30, 34, 50, 33, 50, 34, 45, 46, 29, 30, 29, 34, 27, 28, 46, 46, 28, 29, 18, 19, 44, 29, 35, 34, 2, 34, 1, 34, 35, 1, 28, 27, 38, 27, 39, 38, 39, 43, 38, 44, 19, 21, 44, 21, 43, 21, 19, 20, 43, 22, 38, 43, 21, 22, 29, 28, 35, 28, 36, 35, 28, 38, 36, 36, 0, 35, 35, 0, 1, 22, 23, 38, 38, 37, 36, 37, 23, 24, 37, 38, 23, 36, 37, 0, 37, 24, 0 ],
				"vertices": [ 172.08, 22.81, 170.09, -31.19, 159.41, -86.8, 167.03, -99, 143.39, -115.48, 125.2, -110.14, 109.88, -96.35, 83.64, -100.19, 63.25, -81.15, 38.37, -76.69, 37.66, -43.98, 37, -13.47, 50.57, 13.54, 50.51, 38.45, 64.94, 56.6, 47.89, 79.94, 29.45, 73.42, 16.31, 86.63, 81.5, 139.38, 112.55, 150.28, 126.97, 134.97, 128.63, 113.28, 130.22, 92.43, 154.78, 81.29, 162.21, 71.48, 60.96, 13.26, 86.33, 31.87, 116.92, 42.6, 135.47, 31.44, 136.98, 2.58, 131.23, -36.66, 118.22, -74.65, 108.68, -88.23, 130.45, -95.43, 144.62, -39.36, 152.24, 1.69, 156.05, 32.59, 156.21, 61.01, 132.56, 66.4, 111.94, 61.83, 79.03, 38.83, 57.27, 19.29, 70.67, 52.42, 107.01, 87.61, 95.39, 116.7, 112.91, -6.87, 116.41, 15.8, 94.82, 2.47, 97.23, -40.47, 90.66, -68.16, 127.64, -47.15 ],
				"hull": 25,
				"edges": [ 36, 34, 34, 32, 32, 30, 30, 28, 28, 26, 26, 24, 24, 22, 18, 16, 16, 14, 14, 12, 12, 10, 10, 8, 8, 6, 6, 4, 4, 2, 2, 0, 0, 48, 48, 46, 46, 44, 36, 38, 40, 38, 24, 50, 50, 52, 52, 54, 54, 56, 56, 58, 58, 60, 62, 64, 64, 12, 8, 66, 66, 68, 68, 70, 70, 72, 72, 74, 74, 76, 76, 78, 78, 80, 80, 82, 82, 24, 24, 84, 84, 86, 86, 44, 40, 42, 42, 44, 42, 88, 88, 30, 58, 90, 90, 92, 92, 94, 18, 20, 20, 22, 94, 20, 18, 96, 96, 98, 60, 100, 100, 62, 98, 100 ],
				"width": 261,
				"height": 166
			}
		},
		"gun": {
			"gun": { "x": 77.3, "y": 16.4, "rotation": 60.82, "width": 210, "height": 203 }
		},
		"head": {
			"head": {
				"type": "mesh",
				"uvs": [ 0.75918, 0.06107, 0.88392, 0.17892, 0.90174, 0.30856, 0.94223, 0.1966, 1, 0.26584, 1, 0.42199, 0.95863, 0.46992, 0.92118, 0.51333, 0.85957, 0.53469, 0.78388, 0.65605, 0.74384, 0.74838, 0.85115, 0.75151, 0.84828, 0.82563, 0.8178, 0.85367, 0.75598, 0.85906, 0.76236, 0.90467, 0.65875, 1, 0.38336, 1, 0.18579, 0.85403, 0.1274, 0.8109, 0.06024, 0.69209, 0, 0.58551, 0, 0.41021, 0.08529, 0.20691, 0.24243, 0.14504, 0.49999, 0.14208, 0.50322, 0.07433, 0.41738, 0, 0.57612, 0, 0.85059, 0.36086, 0.73431, 0.43206, 0.6848, 0.3127, 0.72164, 0.16717, 0.55931, 0.04153, 0.44763, 0.22894, 0.23925, 0.26559, 0.71271, 0.44035, 0.56992, 0.38299, 0.41678, 0.3351, 0.29299, 0.31496, 0.70801, 0.44501, 0.56676, 0.38976, 0.4152, 0.34416, 0.28753, 0.33017, 0.88988, 0.50176, 0.30388, 0.73462, 0.2646, 0.65674, 0.21414, 0.61583, 0.14612, 0.62193, 0.10315, 0.66636, 0.10357, 0.72556, 0.14505, 0.79163, 0.20263, 0.81355, 0.27872, 0.80158, 0.34946, 0.7376, 0.23073, 0.57072, 0.08878, 0.60706, 0.2946, 0.8129, 0.73005, 0.87883, 0.69804, 0.87348, 0.66165, 0.79681 ],
				"triangles": [ 16, 58, 15, 16, 59, 58, 59, 16, 60, 18, 57, 17, 57, 54, 17, 16, 17, 60, 17, 54, 60, 58, 14, 15, 58, 59, 14, 59, 60, 14, 60, 10, 14, 14, 10, 13, 18, 53, 57, 18, 52, 53, 19, 51, 18, 18, 51, 52, 13, 10, 12, 12, 10, 11, 53, 52, 45, 57, 45, 54, 57, 53, 45, 20, 50, 19, 46, 45, 52, 47, 46, 50, 50, 48, 47, 19, 50, 51, 46, 52, 51, 54, 41, 60, 10, 60, 9, 60, 41, 40, 46, 51, 50, 9, 60, 40, 55, 42, 41, 54, 55, 41, 46, 54, 45, 20, 49, 50, 50, 49, 48, 20, 56, 49, 20, 21, 56, 49, 56, 48, 47, 55, 46, 42, 55, 43, 55, 54, 46, 9, 40, 8, 47, 48, 55, 55, 48, 56, 55, 56, 22, 56, 21, 22, 55, 22, 43, 8, 44, 7, 40, 36, 8, 8, 36, 44, 7, 44, 6, 41, 37, 40, 40, 37, 36, 43, 22, 39, 22, 23, 35, 41, 42, 38, 43, 39, 42, 42, 39, 38, 38, 39, 34, 39, 22, 35, 39, 35, 34, 35, 24, 34, 35, 23, 24, 34, 24, 25, 36, 30, 44, 44, 30, 6, 30, 29, 6, 30, 36, 31, 36, 37, 31, 30, 31, 29, 37, 41, 38, 31, 37, 34, 31, 32, 29, 37, 38, 34, 34, 25, 31, 2, 32, 1, 31, 25, 32, 33, 32, 25, 33, 25, 26, 32, 0, 1, 32, 33, 0, 0, 33, 28, 26, 27, 33, 33, 27, 28, 6, 29, 5, 29, 2, 5, 2, 4, 5, 2, 29, 32, 2, 3, 4 ],
				"vertices": [ 1, 32, 41.97, -41.79, 1, 3, 30, 73.46, 27.54, 0.18925, 32, -5.75, -51.7, 0.72418, 31, 112.98, -11.43, 0.08656, 3, 30, 38.23, 10.98, 0.84284, 32, -41.00999, -35.22, 0.09705, 31, 92.72, -44.67, 0.0601, 1, 30, 73.35, 10.89, 1, 1, 30, 58.59, -10.38, 1, 2, 30, 14.35, -24.8, 0.89742, 29, 75.49, -4.55, 0.10257, 2, 30, -2.69, -18.57, 0.58265, 29, 59.82, -13.72, 0.41734, 1, 28, 163.06, -108.68, 1, 1, 28, 151.52, -95.04, 1, 1, 28, 110.6, -87.69, 1, 1, 28, 81.05, -86.58, 1, 1, 28, 89.81, -114.32, 1, 1, 28, 68.72, -120.91, 1, 1, 28, 58.1, -115.89, 1, 1, 28, 51.03, -100.62, 1, 1, 28, 38.78, -106.76, 1, 1, 28, 2.67, -89.69, 1, 1, 28, -22.07, -19.29, 1, 1, 28, 1.19, 45.62, 1, 1, 28, 8.07, 64.81, 1, 1, 28, 35.43, 93.72, 1, 1, 28, 59.98, 119.66, 1, 1, 28, 109.25, 136.98, 1, 1, 28, 174.07, 135.27, 1, 2, 31, -16.79, 104.63, 0.16236, 28, 205.58, 101.22, 0.83763, 2, 32, 58.93, 30.5, 0.60735, 31, 38.37, 61.89, 0.39264, 2, 32, 75.55, 19, 0.94502, 31, 51.62, 77.15, 0.05497, 1, 32, 106.69, 26.9, 1, 1, 32, 83.78, -9.5, 1, 4, 30, 19.12, 19.33, 0.58067, 32, -46.82, -15.19, 0.07453, 31, 72.17, -48.24, 0.14877, 29, 44.52, 27.24, 0.19601, 2, 31, 34.31, -45.24, 0.20796, 29, 7.42, 19.08, 0.79203, 1, 31, 45.94, -9.06, 1, 1, 32, 20.62, -16.35, 1, 1, 32, 75.73, 0.94, 1, 3, 32, 44.58, 56.29, 0.14949, 31, 11.16, 50.46, 0.3683, 28, 200.44, 40.47, 0.4822, 1, 28, 171.41, 90.11, 1, 2, 31, 28.19, -43.54, 0.20796, 29, 1.07, 18.93, 0.79203, 3, 31, 8.54, -6.08, 0.75382, 29, -28.63, 49.03, 0.13133, 28, 168.13, -6.01, 0.11484, 2, 31, -15.06, 30.9, 0.72898, 28, 167.82, 37.86, 0.27101, 1, 28, 162.36, 71.5, 1, 1, 28, 163.1, -47.44, 1, 1, 28, 165.94, -5.87, 1, 1, 28, 165.14, 37.37, 1, 1, 28, 157.6, 71.39, 1, 1, 28, 163.5, -99.53, 1, 1, 28, 45.37, 27.24, 1, 1, 28, 63.73, 44.98, 1, 1, 28, 70.69, 61.92, 1, 1, 28, 62.87, 78.69, 1, 1, 28, 46.52, 85.3, 1, 1, 28, 29.92, 79.33, 1, 1, 28, 15.07, 62.21, 1, 1, 28, 14.09, 45.32, 1, 1, 28, 24.29, 27.05, 1, 1, 28, 48.63, 15.29, 1, 1, 28, 84.87, 62.14, 1, 1, 28, 61.9, 94.83, 1, 1, 28, 22.54, 21.87, 1, 1, 28, 43.14, -95.94, 1, 1, 28, 41.77, -87.23, 1, 1, 28, 60.05, -70.35, 1 ],
				"hull": 29,
				"edges": [ 10, 8, 8, 6, 6, 4, 4, 2, 2, 0, 0, 56, 54, 56, 54, 52, 52, 50, 50, 48, 48, 46, 46, 44, 42, 44, 32, 34, 4, 58, 58, 60, 62, 64, 64, 66, 66, 54, 50, 68, 68, 70, 70, 44, 60, 72, 62, 74, 72, 74, 74, 76, 76, 78, 78, 44, 16, 80, 80, 82, 82, 84, 84, 86, 86, 44, 14, 88, 88, 72, 14, 16, 10, 12, 12, 14, 12, 60, 90, 92, 92, 94, 94, 96, 96, 98, 98, 100, 100, 102, 102, 104, 104, 106, 106, 90, 108, 110, 110, 112, 38, 40, 40, 42, 112, 40, 34, 36, 36, 38, 36, 114, 114, 108, 30, 32, 30, 28, 24, 26, 28, 26, 22, 24, 22, 20, 20, 18, 18, 16, 28, 116, 116, 118, 118, 120, 120, 20 ],
				"width": 271,
				"height": 298
			}
		},
		"head-bb": {
			"head": {
				"type": "boundingbox",
				"vertexCount": 6,
				"vertices": [ -19.14, -70.3, 40.8, -118.07, 257.77, -115.61, 285.16, 57.18, 120.77, 164.95, -5.06, 76.94 ]
			}
		},
		"hoverboard_board": {
			"hoverboard_board": { "x": -11.6, "y": 25.64, "rotation": 0.17, "width": 492, "height": 152 }
		},
		"hoverboard_thruster_front": {
			"hoverboard_thruster": { "y": -7.08, "width": 60, "height": 64 }
		},
		"hoverboard_thruster_rear": {
			"hoverboard_thruster": { "x": 1.08, "y": -6.29, "width": 60, "height": 64 }
		},
		"hoverglow_front": {
			"hoverglow_small": { "x": 2.13, "y": -2, "scaleX": 0.303, "scaleY": 0.495, "rotation": 0.15, "width": 274, "height": 75 }
		},
		"hoverglow_rear": {
			"hoverglow_small": { "x": 1.39, "y": -2.08, "scaleX": 0.303, "scaleY": 0.495, "rotation": 0.6, "width": 274, "height": 75 }
		},
		"mouth": {
			"mouth_grind": {
				"type": "mesh",
				"uvs": [ 1, 1, 0, 1, 0, 0, 1, 0 ],
				"triangles": [ 1, 3, 0, 1, 2, 3 ],
				"vertices": [ 11.28, -85.88, -19.56, 1.84, 36.09, 21.41, 66.93, -66.31 ],
				"hull": 4,
				"edges": [ 0, 2, 2, 4, 4, 6, 0, 6 ],
				"width": 93,
				"height": 59
			},
			"mouth_oooo": { "x": 23.68, "y": -32.23, "rotation": -70.62, "width": 93, "height": 59 },
			"mouth_smile": { "x": 23.68, "y": -32.23, "rotation": -70.62, "width": 93, "height": 59 }
		},
		"muzzle": {
			"muzzle": { "x": 18.25, "y": 5.44, "rotation": 0.15, "width": 462, "height": 400 }
		},
		"neck": {
			"neck": { "x": 9.76, "y": -3.01, "rotation": -55.22, "width": 36, "height": 41 }
		},
		"rear_bracer": {
			"rear_bracer": { "x": 11.15, "y": -2.2, "rotation": 66.17, "width": 56, "height": 72 }
		},
		"rear_foot": {
			"rear_foot": {
				"type": "mesh",
				"uvs": [ 0.48368, 0.13869, 0.5199, 0.21423, 0.55099, 0.27906, 0.58837, 0.29815, 0.63488, 0.32191, 0.77342, 0.39266, 1, 0.73346, 1, 1, 0.59434, 1, 0.3116, 1, 0, 1, 0, 0.41396, 0.1363, 0, 0.41716, 0 ],
				"triangles": [ 4, 8, 3, 5, 8, 4, 6, 8, 5, 8, 6, 7, 11, 1, 10, 12, 13, 0, 0, 11, 12, 1, 11, 0, 2, 9, 10, 2, 10, 1, 9, 2, 3, 8, 9, 3 ],
				"vertices": [ 2, 7, 10.45, 29.41, 0.88824, 9, -6.74, 49.62, 0.11175, 2, 7, 16.54, 29.27, 0.83163, 9, -2.65, 45.08, 0.16836, 2, 7, 21.79, 29.15, 0.78305, 9, 0.85, 41.18999, 0.21694, 2, 7, 25.53, 31.43, 0.67844, 9, 5.07, 40.04, 0.32155, 2, 7, 30.17, 34.27, 0.54832, 9, 10.33, 38.61, 0.45167, 2, 7, 44.01, 42.72, 0.16068, 9, 25.97, 34.36, 0.83929, 1, 9, 51.56, 13.89, 1, 1, 9, 51.54, -2.08, 1, 2, 7, 56.58, 2.98, 0.02959, 9, 5.71, -2.05, 0.9704, 1, 7, 34.63, -20.20999, 0.99999, 1, 7, 10.43, -45.8, 0.99999, 1, 7, -15.1, -21.64, 1, 1, 7, -22.56, 6.61, 0.99999, 2, 7, -0.76, 29.67, 0.99219, 9, -14.25, 57.94, 0.0078 ],
				"hull": 14,
				"edges": [ 14, 12, 10, 12, 14, 16, 16, 18, 18, 20, 4, 18, 20, 22, 24, 26, 22, 24, 4, 2, 2, 20, 4, 6, 6, 16, 6, 8, 8, 10, 2, 0, 0, 26 ],
				"width": 113,
				"height": 60
			},
			"rear_foot_bend1": { "x": 29.61, "y": 18.12, "rotation": 46.59, "width": 117, "height": 66 },
			"rear_foot_bend2": { "x": 22.82, "y": 23.69, "rotation": 46.59, "width": 103, "height": 83 }
		},
		"rear_shin": {
			"rear_shin": { "x": 58.29, "y": -2.75, "rotation": 92.37, "width": 75, "height": 178 }
		},
		"rear_thigh": {
			"rear_thigh": { "x": 33.09, "y": -4.11, "rotation": 72.54, "width": 65, "height": 104 }
		},
		"rear_upper_arm": {
			"rear_upper_arm": { "x": 21.12, "y": 4.08, "rotation": 89.32, "width": 47, "height": 87 }
		},
		"torso": {
			"torso": {
				"type": "mesh",
				"uvs": [ 0.62509, 0.12672, 1, 0.2636, 1, 0.2887, 1, 0.66021, 1, 0.68245, 0.92323, 0.69258, 0.95115, 0.84965, 0.77123, 1, 0.49654, 1, 0.27181, 1, 0.13842, 0.77196, 0, 0.45614, 0, 0.19436, 0.14462, 0, 0.27801, 0, 0.72524, 0.27835, 0.76091, 0.46216, 0.84888, 0.67962, 0.68257, 0.63248, 0.53985, 0.38469, 0.25443, 0.32169, 0.30061, 0.55172, 0.39552, 0.79506, 0.26389, 0.17006, 0.52409, 0.18673 ],
				"triangles": [ 6, 17, 5, 6, 7, 17, 8, 18, 7, 7, 18, 17, 9, 22, 8, 8, 22, 18, 9, 10, 22, 10, 21, 22, 22, 21, 18, 10, 11, 21, 4, 5, 3, 5, 17, 3, 3, 17, 16, 17, 18, 16, 16, 2, 3, 21, 19, 18, 18, 19, 16, 11, 20, 21, 21, 20, 19, 19, 15, 16, 16, 15, 2, 11, 12, 20, 20, 24, 19, 19, 24, 15, 20, 23, 24, 20, 12, 23, 15, 1, 2, 24, 0, 15, 15, 0, 1, 12, 13, 23, 0, 24, 14, 14, 24, 13, 24, 23, 13 ],
				"vertices": [ 129.62, -10.38, 102.17, -45.07, 97.66, -44.71, 31, -39.45, 27.01, -39.13, 25.78, -31.49, -2.60999, -31.99, -28.2, -12.29, -26.08, 14.54, -24.34, 36.5, 17.59, 46.3, 75.33, 55.34, 122.31, 51.63, 156.07, 34.75, 155.03, 21.72, 101.64, -18.02, 68.37, -18.9, 28.68, -24.41, 38.41, -8.83, 83.99, 1.59, 97.5, 28.58, 55.86, 27.33, 11.47, 21.51, 124.63, 25.51, 119.63, 0.32 ],
				"hull": 15,
				"edges": [ 14, 12, 12, 10, 10, 8, 18, 20, 20, 22, 22, 24, 26, 28, 24, 26, 2, 4, 30, 4, 30, 32, 32, 34, 4, 6, 6, 8, 34, 6, 34, 36, 36, 38, 38, 40, 40, 24, 36, 14, 40, 42, 42, 44, 14, 16, 16, 18, 44, 16, 40, 46, 38, 48, 48, 30, 2, 0, 0, 28, 48, 0, 48, 26 ],
				"width": 98,
				"height": 180
			}
		}
	}
},
"events": {
	"footstep": {},
	"headAttach": { "int": 3, "float": 4 },
	"headBehind": { "int": 5, "float": 6, "string": "setup" },
	"headPop": { "int": 1, "float": 2 }
},
"animations": {
	"fly": {
		"slots": {
			"exhaust1": {
				"color": [
					{
						"time": 0,
						"color": "ffffff98",
						"curve": [ 0.25, 0, 0.75, 1 ]
					},
					{
						"time": 0.3333,
						"color": "ffffffff",
						"curve": [ 0.25, 0, 0.75, 1 ]
					},
					{
						"time": 0.5666,
						"color": "ffffffb0",
						"curve": [ 0.25, 0, 0.75, 1 ]
					},
					{ "time": 1.3333, "color": "ffffff98" }
				]
			},
			"exhaust2": {
				"color": [
					{
						"time": 0,
						"color": "ffffff98",
						"curve": [ 0.25, 0, 0.75, 1 ]
					},
					{
						"time": 0.3333,
						"color": "ffffffff",
						"curve": [ 0.25, 0, 0.75, 1 ]
					},
					{
						"time": 0.5666,
						"color": "ffffffb0",
						"curve": [ 0.25, 0, 0.75, 1 ]
					},
					{ "time": 1.3333, "color": "ffffff98" }
				]
			},
			"front_fist": {
				"attachment": [
					{ "time": 0, "name": "front_fist_open" }
				]
			},
			"hoverglow_front": {
				"color": [
					{ "time": 0, "color": "ffffff8d" },
					{ "time": 0.5, "color": "ffffffff" },
					{ "time": 1.3333, "color": "ffffff8d" }
				]
			},
			"hoverglow_rear": {
				"color": [
					{ "time": 0, "color": "ffffff8d" },
					{ "time": 0.5, "color": "ffffffff" },
					{ "time": 1.3333, "color": "ffffff8d" }
				]
			},
			"mouth": {
				"attachment": [
					{ "time": 0, "name": "mouth_grind" },
					{ "time": 1.3333, "name": "mouth_grind" }
				]
			}
		},
		"bones": {
			"hip": {
				"rotate": [
					{ "time": 0, "angle": 0, "curve": "stepped" },
					{ "time": 1.3333, "angle": 0 }
				],
				"translate": [
					{
						"time": 0,
						"x": 4.72,
						"y": -29.18,
						"curve": [ 0.155, 0.18, 0.75, 1 ]
					},
					{
						"time": 0.1,
						"x": 4.72,
						"y": -34.45,
						"curve": [ 0.191, -0.39, 0.719, 1 ]
					},
					{
						"time": 0.4333,
						"x": 23.48,
						"y": 14.72,
						"curve": [ 0.311, 0.02, 0.795, 0.98 ]
					},
					{
						"time": 0.8333,
						"x": 71.9,
						"y": 28.45,
						"curve": [ 0.319, 0, 0.824, 0.84 ]
					},
					{ "time": 1.3333, "x": 4.72, "y": -29.18 }
				]
			},
			"torso": {
				"rotate": [
					{
						"time": 0,
						"angle": -5.34,
						"curve": [ 0.247, 0, 0.629, 0.52 ]
					},
					{
						"time": 0.3,
						"angle": -4.14,
						"curve": [ 0.221, 0.11, 0.747, 1 ]
					},
					{
						"time": 0.7,
						"angle": 22.54,
						"curve": [ 0.25, 0, 0.75, 1 ]
					},
					{ "time": 1.3333, "angle": -5.34 }
				],
				"translate": [
					{ "time": 0, "x": 0, "y": 0, "curve": "stepped" },
					{ "time": 1.3333, "x": 0, "y": 0 }
				]
			},
			"neck": {
				"rotate": [
					{
						"time": 0,
						"angle": 0.65,
						"curve": [ 0.25, 0, 0.75, 1 ]
					},
					{
						"time": 0.3,
						"angle": -1.58,
						"curve": [ 0.45, 0, 0.75, 1 ]
					},
					{
						"time": 0.7,
						"angle": -12.82,
						"curve": [ 0.25, 0, 0.625, 0.5 ]
					},
					{
						"time": 1.0666,
						"angle": -6.71,
						"curve": [ 0.375, 0.5, 0.75, 1 ]
					},
					{ "time": 1.3333, "angle": 0.65 }
				],
				"translate": [
					{ "time": 0, "x": 0, "y": 0, "curve": "stepped" },
					{ "time": 1.3333, "x": 0, "y": 0 }
				]
			},
			"head": {
				"rotate": [
					{ "time": 0, "angle": 8.04 },
					{ "time": 0.3, "angle": -1.58 },
					{ "time": 0.7, "angle": -12.82 },
					{ "time": 1.0666, "angle": 3.26 },
					{ "time": 1.3333, "angle": 8.04 }
				],
				"translate": [
					{ "time": 0, "x": 0, "y": 0, "curve": "stepped" },
					{ "time": 1.3333, "x": 0, "y": 0 }
				]
			},
			"hair1": {
				"rotate": [
					{ "time": 0, "angle": 6.48 },
					{ "time": 0.1333, "angle": 7.25 },
					{ "time": 0.2666, "angle": 3.81 },
					{ "time": 0.3666, "angle": 5.38 },
					{ "time": 0.4666, "angle": 4.42 },
					{ "time": 0.6333, "angle": 0.75 },
					{ "time": 0.8, "angle": 0.58 },
					{ "time": 0.9, "angle": 3.76 },
					{ "time": 1.0666, "angle": 4.09 },
					{ "time": 1.2333, "angle": 7.48 },
					{ "time": 1.3333, "angle": 6.48 }
				],
				"translate": [
					{ "time": 0, "x": 0, "y": 0, "curve": "stepped" },
					{ "time": 1.3333, "x": 0, "y": 0 }
				]
			},
			"hair3": {
				"rotate": [
					{ "time": 0, "angle": 9.46 },
					{ "time": 0.1333, "angle": 10.24 },
					{ "time": 0.2666, "angle": 6.79 },
					{ "time": 0.3666, "angle": 8.36 },
					{ "time": 0.4666, "angle": 7.41 },
					{ "time": 0.6333, "angle": 3.73 },
					{ "time": 0.8, "angle": 3.56 },
					{ "time": 0.9, "angle": 6.74 },
					{ "time": 1.0666, "angle": 7.07 },
					{ "time": 1.2333, "angle": 10.46 },
					{ "time": 1.3333, "angle": 9.46 }
				],
				"translate": [
					{ "time": 0, "x": 0, "y": 0, "curve": "stepped" },
					{ "time": 1.3333, "x": 0, "y": 0 }
				]
			},
			"hair2": {
				"rotate": [
					{ "time": 0, "angle": -0.25 },
					{ "time": 0.1333, "angle": 6.78 },
					{ "time": 0.2666, "angle": 9.6 },
					{ "time": 0.3666, "angle": 15.86 },
					{ "time": 0.4666, "angle": 19.6 },
					{ "time": 0.6333, "angle": 3.35 },
					{ "time": 0.8, "angle": -9.4 },
					{ "time": 0.9, "angle": -5.61 },
					{ "time": 1.0666, "angle": -4.26 },
					{ "time": 1.2333, "angle": 0.14 },
					{ "time": 1.3333, "angle": -0.25 }
				],
				"translate": [
					{ "time": 0, "x": 0, "y": 0, "curve": "stepped" },
					{ "time": 1.3333, "x": 0, "y": 0 }
				]
			},
			"hair4": {
				"rotate": [
					{ "time": 0, "angle": 6.9 },
					{ "time": 0.1333, "angle": 7.86 },
					{ "time": 0.2333, "angle": 5.54 },
					{ "time": 0.3666, "angle": 11.19 },
					{ "time": 0.5, "angle": 12.62 },
					{ "time": 0.6, "angle": 17.84 },
					{ "time": 0.7, "angle": 20.53 },
					{ "time": 0.8666, "angle": 11.84 },
					{ "time": 1.0333, "angle": 6.65 },
					{ "time": 1.1333, "angle": 8.52 },
					{ "time": 1.3, "angle": 6.66 },
					{ "time": 1.3333, "angle": 6.9 }
				],
				"translate": [
					{ "time": 0, "x": 0, "y": 0, "curve": "stepped" },
					{ "time": 0.2333, "x": 0, "y": 0, "curve": "stepped" },
					{ "time": 1.3333, "x": 0, "y": 0 }
				]
			},
			"front_fist": {
				"rotate": [
					{
						"time": 0,
						"angle": 24.72,
						"curve": [ 0.259, 0, 0.618, 0.44 ]
					},
					{
						"time": 0.4,
						"angle": 35.93,
						"curve": [ 0.25, 0, 0.75, 1 ]
					},
					{
						"time": 0.8333,
						"angle": 18.74,
						"curve": [ 0.25, 0, 0.75, 1 ]
					},
					{
						"time": 1.1666,
						"angle": 31.47,
						"curve": [ 0.25, 0, 0.75, 1 ]
					},
					{ "time": 1.3333, "angle": 24.72 }
				],
				"translate": [
					{ "time": 0, "x": 0, "y": 0, "curve": "stepped" },
					{ "time": 1.3333, "x": 0, "y": 0 }
				]
			},
			"hoverboard": {
				"rotate": [
					{
						"time": 0,
						"angle": 0,
						"curve": [ 0.257, 0, 0.618, 0.45 ]
					},
					{
						"time": 0.3333,
						"angle": 15.41,
						"curve": [ 0.195, 0.35, 0.75, 1 ]
					},
					{
						"time": 0.8333,
						"angle": -16.01,
						"curve": [ 0.25, 0, 0.75, 1 ]
					},
					{ "time": 1.3333, "angle": 0 }
				],
				"translate": [
					{
						"time": 0,
						"x": 25.22,
						"y": 7.84,
						"curve": [ 0.553, 0.02, 0.75, 1 ]
					},
					{
						"time": 0.5,
						"x": 67.8,
						"y": 62.57,
						"curve": [ 0.246, 0, 0.737, 1 ]
					},
					{ "time": 1.3333, "x": 25.22, "y": 7.84 }
				]
			},
			"front_foot_ik": {
				"rotate": [
					{ "time": 0, "angle": -22.24 },
					{ "time": 0.5, "angle": 9.33 },
					{ "time": 1.3333, "angle": -22.24 }
				],
				"translate": [
					{ "time": 0, "x": 0, "y": 0, "curve": "stepped" },
					{ "time": 1.3333, "x": 0, "y": 0 }
				]
			},
			"front_thigh": {
				"rotate": [
					{ "time": 0, "angle": 0, "curve": "stepped" },
					{ "time": 1.3333, "angle": 0 }
				],
				"translate": [
					{ "time": 0, "x": 0, "y": 0, "curve": "stepped" },
					{ "time": 1.3333, "x": 0, "y": 0 }
				]
			},
			"front_toe_ik": {
				"rotate": [
					{ "time": 0, "angle": 0, "curve": "stepped" },
					{ "time": 1.3333, "angle": 0 }
				],
				"translate": [
					{ "time": 0, "x": 0, "y": 0, "curve": "stepped" },
					{ "time": 1.3333, "x": 0, "y": 0 }
				]
			},
			"hoverboard_thruster_front": {
				"rotate": [
					{
						"time": 0,
						"angle": 0,
						"curve": [ 0.25, 0, 0.75, 1 ]
					},
					{
						"time": 0.3333,
						"angle": 26.79,
						"curve": [ 0.25, 0, 0.75, 1 ]
					},
					{
						"time": 0.8333,
						"angle": 41.42,
						"curve": [ 0.25, 0, 0.75, 1 ]
					},
					{ "time": 1.3333, "angle": 0 }
				],
				"translate": [
					{ "time": 0, "x": 0, "y": 0, "curve": "stepped" },
					{ "time": 1.3333, "x": 0, "y": 0 }
				]
			},
			"hoverboard_thruster_rear": {
				"rotate": [
					{
						"time": 0,
						"angle": 0,
						"curve": [ 0.25, 0, 0.75, 1 ]
					},
					{
						"time": 0.3333,
						"angle": 26.79,
						"curve": [ 0.25, 0, 0.75, 1 ]
					},
					{
						"time": 0.8333,
						"angle": 41.42,
						"curve": [ 0.25, 0, 0.75, 1 ]
					},
					{ "time": 1.3333, "angle": 0 }
				],
				"translate": [
					{ "time": 0, "x": 0, "y": 0, "curve": "stepped" },
					{ "time": 1.3333, "x": 0, "y": 0 }
				]
			},
			"rear_foot_ik": {
				"rotate": [
					{ "time": 0, "angle": 0, "curve": "stepped" },
					{ "time": 1.3333, "angle": 0 }
				],
				"translate": [
					{ "time": 0, "x": 0, "y": 0, "curve": "stepped" },
					{ "time": 1.3333, "x": 0, "y": 0 }
				]
			},
			"rear_thigh": {
				"rotate": [
					{ "time": 0, "angle": 0, "curve": "stepped" },
					{ "time": 1.3333, "angle": 0 }
				],
				"translate": [
					{ "time": 0, "x": 0, "y": 0, "curve": "stepped" },
					{ "time": 1.3333, "x": 0, "y": 0 }
				]
			},
			"rear_toe_ik": {
				"rotate": [
					{ "time": 0, "angle": 0, "curve": "stepped" },
					{ "time": 1.3333, "angle": 0 }
				],
				"translate": [
					{ "time": 0, "x": 0, "y": 0, "curve": "stepped" },
					{ "time": 1.3333, "x": 0, "y": 0 }
				]
			},
			"front_ankle_ik": {
				"rotate": [
					{ "time": 0, "angle": 0, "curve": "stepped" },
					{ "time": 1.3333, "angle": 0 }
				],
				"translate": [
					{ "time": 0, "x": 0, "y": 0, "curve": "stepped" },
					{ "time": 1.3333, "x": 0, "y": 0 }
				]
			},
			"front_shin": {
				"rotate": [
					{ "time": 0, "angle": 0, "curve": "stepped" },
					{ "time": 1.3333, "angle": 0 }
				],
				"translate": [
					{ "time": 0, "x": 0, "y": 0, "curve": "stepped" },
					{ "time": 1.3333, "x": 0, "y": 0 }
				]
			},
			"front_upper_arm": {
				"rotate": [
					{ "time": 0, "angle": -6.56 },
					{
						"time": 0.7,
						"angle": -45.47,
						"curve": [ 0.25, 0, 0.75, 1 ]
					},
					{ "time": 1.3333, "angle": -6.56 }
				],
				"translate": [
					{
						"time": 0,
						"x": 0,
						"y": 0,
						"curve": [ 0.25, 0, 0.75, 1 ]
					},
					{
						"time": 0.4333,
						"x": 4.01,
						"y": 1.45,
						"curve": [ 0.25, 0, 0.75, 1 ]
					},
					{ "time": 1.3333, "x": 0, "y": 0 }
				]
			},
			"rear_ankle_ik": {
				"rotate": [
					{ "time": 0, "angle": 0, "curve": "stepped" },
					{ "time": 1.3333, "angle": 0 }
				],
				"translate": [
					{ "time": 0, "x": 0, "y": 0, "curve": "stepped" },
					{ "time": 1.3333, "x": 0, "y": 0 }
				]
			},
			"rear_shin": {
				"rotate": [
					{ "time": 0, "angle": 0, "curve": "stepped" },
					{ "time": 1.3333, "angle": 0 }
				],
				"translate": [
					{ "time": 0, "x": 0, "y": 0, "curve": "stepped" },
					{ "time": 1.3333, "x": 0, "y": 0 }
				]
			},
			"rear_upper_arm": {
				"rotate": [
					{
						"time": 0,
						"angle": 0,
						"curve": [ 0.25, 0, 0.75, 1 ]
					},
					{
						"time": 0.8,
						"angle": -22.48,
						"curve": [ 0.25, 0, 0.75, 1 ]
					},
					{ "time": 1.3333, "angle": 0 }
				],
				"translate": [
					{ "time": 0, "x": 0, "y": 0, "curve": "stepped" },
					{ "time": 1.3333, "x": 0, "y": 0 }
				]
			},
			"front_bracer": {
				"rotate": [
					{
						"time": 0,
						"angle": 53,
						"curve": [ 0.259, 0, 0.618, 0.44 ]
					},
					{
						"time": 0.7,
						"angle": 27.8,
						"curve": [ 0.25, 0, 0.75, 1 ]
					},
					{
						"time": 1,
						"angle": 56.88,
						"curve": [ 0.25, 0, 0.75, 1 ]
					},
					{ "time": 1.3333, "angle": 53 }
				],
				"translate": [
					{ "time": 0, "x": 0, "y": 0, "curve": "stepped" },
					{ "time": 1.3333, "x": 0, "y": 0 }
				]
			},
			"front_foot": {
				"rotate": [
					{ "time": 0, "angle": 0, "curve": "stepped" },
					{ "time": 1.3333, "angle": 0 }
				],
				"translate": [
					{ "time": 0, "x": 0, "y": 0, "curve": "stepped" },
					{ "time": 1.3333, "x": 0, "y": 0 }
				]
			},
			"rear_bracer": {
				"rotate": [
					{ "time": 0, "angle": 0 },
					{
						"time": 0.8,
						"angle": 16.99,
						"curve": [ 0.25, 0, 0.75, 1 ]
					},
					{ "time": 1.3333, "angle": 0 }
				],
				"translate": [
					{ "time": 0, "x": 0, "y": 0, "curve": "stepped" },
					{ "time": 1.3333, "x": 0, "y": 0 }
				]
			},
			"rear_foot": {
				"rotate": [
					{ "time": 0, "angle": 0, "curve": "stepped" },
					{ "time": 1.3333, "angle": 0 }
				],
				"translate": [
					{ "time": 0, "x": 0, "y": 0, "curve": "stepped" },
					{ "time": 1.3333, "x": 0, "y": 0 }
				]
			},
			"back_foot_tip": {
				"rotate": [
					{ "time": 0, "angle": 0, "curve": "stepped" },
					{ "time": 1.3333, "angle": 0 }
				],
				"translate": [
					{ "time": 0, "x": 0, "y": 0, "curve": "stepped" },
					{ "time": 1.3333, "x": 0, "y": 0 }
				]
			},
			"front_foot_tip": {
				"rotate": [
					{ "time": 0, "angle": 0, "curve": "stepped" },
					{ "time": 1.3333, "angle": 0 }
				],
				"translate": [
					{ "time": 0, "x": 0, "y": 0, "curve": "stepped" },
					{ "time": 1.3333, "x": 0, "y": 0 }
				]
			},
			"gun": {
				"rotate": [
					{
						"time": 0,
						"angle": 20.28,
						"curve": [ 0.25, 0, 0.75, 1 ]
					},
					{
						"time": 0.8,
						"angle": 3.84,
						"curve": [ 0.25, 0, 0.75, 1 ]
					},
					{ "time": 1.3333, "angle": 20.28 }
				],
				"translate": [
					{ "time": 0, "x": 0, "y": 0, "curve": "stepped" },
					{ "time": 1.3333, "x": 0, "y": 0 }
				]
			},
			"gunTip": {
				"rotate": [
					{ "time": 0, "angle": 0, "curve": "stepped" },
					{ "time": 1.3333, "angle": 0 }
				],
				"translate": [
					{ "time": 0, "x": 0, "y": 0, "curve": "stepped" },
					{ "time": 1.3333, "x": 0, "y": 0 }
				]
			},
			"hoverglow_front": {
				"scale": [
					{ "time": 0, "x": 1, "y": 1 },
					{ "time": 0.5, "x": 1, "y": 1.565 },
					{ "time": 1.3333, "x": 1, "y": 1 }
				]
			},
			"hoverglow_rear": {
				"scale": [
					{ "time": 0, "x": 1, "y": 1 },
					{ "time": 0.5, "x": 1, "y": 1.565 },
					{ "time": 1.3333, "x": 1, "y": 1 }
				]
			},
			"exhaust1": {
				"scale": [
					{ "time": 0, "x": 1, "y": 1 },
					{ "time": 0.3333, "x": 1.597, "y": 1 },
					{ "time": 0.5666, "x": 1.223, "y": 1 },
					{ "time": 1.3333, "x": 1, "y": 1 }
				]
			},
			"exhaust2": {
				"scale": [
					{ "time": 0, "x": 1, "y": 1 },
					{ "time": 0.3333, "x": 1.597, "y": 1 },
					{ "time": 0.5666, "x": 1.223, "y": 1 },
					{ "time": 1.3333, "x": 1, "y": 1 }
				]
			}
		}
	}
}
}